{"cameraMode":{"drawMode":0,"name":"Shaded","section":"Shading Mode"},"sceneLighting":true,"audioPlay":false,"sceneViewState":{"showFog":true,"showMaterialUpdate":false,"showSkybox":true,"showFlares":true,"showImageEffects":true,"showParticleSystems":true},"in2DMode":false,"pivot":{"x":0.9599899649620056,"y":1.446286678314209,"z":2.2871251106262209},"rotation":{"x":0.017579462379217149,"y":-0.11165495961904526,"z":-0.0019810243975371124,"w":-0.9936203956604004},"size":0.537894606590271,"orthographic":false}