{"cameraMode":{"drawMode":0,"name":"Shaded","section":"Shading Mode"},"sceneLighting":true,"audioPlay":false,"sceneViewState":{"showFog":true,"showMaterialUpdate":false,"showSkybox":true,"showFlares":true,"showImageEffects":true,"showParticleSystems":true},"in2DMode":false,"pivot":{"x":0.5317677855491638,"y":0.5887510180473328,"z":1.1596362590789796},"rotation":{"x":-0.07609821856021881,"y":0.9014471173286438,"z":-0.17693006992340089,"w":-0.3877314329147339},"size":9.746770858764649,"orthographic":false}