{"cameraMode":{"drawMode":0,"name":"Shaded","section":"Shading Mode"},"sceneLighting":false,"audioPlay":false,"sceneViewState":{"showFog":true,"showMaterialUpdate":false,"showSkybox":false,"showFlares":true,"showImageEffects":true,"showParticleSystems":true},"in2DMode":false,"pivot":{"x":-1.243314504623413,"y":1.3251838684082032,"z":1.397310733795166},"rotation":{"x":-0.06410806626081467,"y":-0.9045650959014893,"z":0.14672628045082093,"w":-0.3951869010925293},"size":3.9895124435424806,"orthographic":false}